{
  "dataset": "vqa_rad",
  "split": "test",
  "n": 75,
  "models": {
    "medvlm_r1": {
      "name": "JZPeterPan/MedVLM-R1",
      "is_reasoning": true,
      "accuracy": 0.4,
      "per_modality": {
        "ct": 0.26666666666666666,
        "mri": 1.0,
        "unknown": 0.41379310344827586,
        "xray": 1.0
      }
    },
    "qwen25_vl_3b": {
      "name": "Qwen/Qwen2.5-VL-3B-Instruct",
      "is_reasoning": false,
      "accuracy": 0.5733333333333334,
      "per_modality": {
        "ct": 0.5333333333333333,
        "mri": 1.0,
        "unknown": 0.5689655172413793,
        "xray": 1.0
      }
    }
  }
}