{
  "model": "JZPeterPan/MedVLM-R1",
  "dataset": "vqa_rad",
  "n_train": 40,
  "n_cal": 20,
  "n_test": 20,
  "validation": {
    "label_source": "iou_weak_labels"
  },
  "abstention": {
    "alpha": 0.15,
    "delta": 0.05,
    "provisional_pre_correction": true,
    "fs": {
      "threshold": Infinity,
      "feasible": false,
      "cal_coverage": 0.0,
      "cal_error": 0.0,
      "cal_error_ucb": 1.0,
      "test": {
        "coverage": 0.0,
        "n_retained": 0,
        "retained_accuracy": NaN,
        "retained_error": NaN
      },
      "guarantee_holds": true,
      "aurc": 0.7485732091266147,
      "risk_coverage": {
        "coverage": [
          0.05,
          0.1,
          0.15,
          0.2,
          0.25,
          0.3,
          0.35,
          0.4,
          0.45,
          0.5,
          0.55,
          0.6,
          0.65,
          0.7,
          0.75,
          0.8,
          0.85,
          0.9,
          0.95,
          1.0
        ],
        "risk": [
          1.0,
          1.0,
          0.6666666666666666,
          0.75,
          0.8,
          0.8333333333333334,
          0.8571428571428571,
          0.75,
          0.7777777777777778,
          0.8,
          0.7272727272727273,
          0.75,
          0.7692307692307693,
          0.7857142857142857,
          0.8,
          0.75,
          0.7647058823529411,
          0.7777777777777778,
          0.7368421052631579,
          0.75
        ],
        "aurc": 0.7485732091266147
      }
    },
    "confidence": {
      "threshold": Infinity,
      "feasible": false,
      "cal_coverage": 0.0,
      "cal_error": 0.0,
      "cal_error_ucb": 1.0,
      "test": {
        "coverage": 0.0,
        "n_retained": 0,
        "retained_accuracy": NaN,
        "retained_error": NaN
      },
      "guarantee_holds": true,
      "aurc": 0.7678192408726464,
      "risk_coverage": {
        "coverage": [
          0.05,
          0.1,
          0.15,
          0.2,
          0.25,
          0.3,
          0.35,
          0.4,
          0.45,
          0.5,
          0.55,
          0.6,
          0.65,
          0.7,
          0.75,
          0.8,
          0.85,
          0.9,
          0.95,
          1.0
        ],
        "risk": [
          1.0,
          1.0,
          1.0,
          1.0,
          0.8,
          0.8333333333333334,
          0.7142857142857143,
          0.75,
          0.7777777777777778,
          0.8,
          0.7272727272727273,
          0.75,
          0.7692307692307693,
          0.7857142857142857,
          0.8,
          0.75,
          0.7647058823529411,
          0.7222222222222222,
          0.7368421052631579,
          0.75
        ],
        "aurc": 0.7678192408726464
      }
    },
    "signal_a_only": {
      "threshold": Infinity,
      "feasible": false,
      "cal_coverage": 0.0,
      "cal_error": 0.0,
      "cal_error_ucb": 1.0,
      "test": {
        "coverage": 0.0,
        "n_retained": 0,
        "retained_accuracy": NaN,
        "retained_error": NaN
      },
      "guarantee_holds": true,
      "aurc": 0.7485732091266147,
      "risk_coverage": {
        "coverage": [
          0.05,
          0.1,
          0.15,
          0.2,
          0.25,
          0.3,
          0.35,
          0.4,
          0.45,
          0.5,
          0.55,
          0.6,
          0.65,
          0.7,
          0.75,
          0.8,
          0.85,
          0.9,
          0.95,
          1.0
        ],
        "risk": [
          1.0,
          1.0,
          0.6666666666666666,
          0.75,
          0.8,
          0.8333333333333334,
          0.8571428571428571,
          0.75,
          0.7777777777777778,
          0.8,
          0.7272727272727273,
          0.75,
          0.7692307692307693,
          0.7857142857142857,
          0.8,
          0.75,
          0.7647058823529411,
          0.7777777777777778,
          0.7368421052631579,
          0.75
        ],
        "aurc": 0.7485732091266147
      }
    },
    "signal_b_only": {
      "threshold": Infinity,
      "feasible": false,
      "cal_coverage": 0.0,
      "cal_error": 0.0,
      "cal_error_ucb": 1.0,
      "test": {
        "coverage": 0.0,
        "n_retained": 0,
        "retained_accuracy": NaN,
        "retained_error": NaN
      },
      "guarantee_holds": true,
      "aurc": 0.6711922567456624,
      "risk_coverage": {
        "coverage": [
          0.05,
          0.1,
          0.15,
          0.2,
          0.25,
          0.3,
          0.35,
          0.4,
          0.45,
          0.5,
          0.55,
          0.6,
          0.65,
          0.7,
          0.75,
          0.8,
          0.85,
          0.9,
          0.95,
          1.0
        ],
        "risk": [
          0.0,
          0.5,
          0.6666666666666666,
          0.75,
          0.8,
          0.8333333333333334,
          0.7142857142857143,
          0.75,
          0.6666666666666666,
          0.7,
          0.7272727272727273,
          0.75,
          0.7692307692307693,
          0.7142857142857143,
          0.7333333333333333,
          0.75,
          0.7647058823529411,
          0.7222222222222222,
          0.7368421052631579,
          0.75
        ],
        "aurc": 0.6711922567456624
      }
    },
    "signal_c_only": {
      "threshold": Infinity,
      "feasible": false,
      "cal_coverage": 0.0,
      "cal_error": 0.0,
      "cal_error_ucb": 1.0,
      "test": {
        "coverage": 0.0,
        "n_retained": 0,
        "retained_accuracy": NaN,
        "retained_error": NaN
      },
      "guarantee_holds": true,
      "aurc": 0.6711922567456624,
      "risk_coverage": {
        "coverage": [
          0.05,
          0.1,
          0.15,
          0.2,
          0.25,
          0.3,
          0.35,
          0.4,
          0.45,
          0.5,
          0.55,
          0.6,
          0.65,
          0.7,
          0.75,
          0.8,
          0.85,
          0.9,
          0.95,
          1.0
        ],
        "risk": [
          0.0,
          0.5,
          0.6666666666666666,
          0.75,
          0.8,
          0.8333333333333334,
          0.7142857142857143,
          0.75,
          0.6666666666666666,
          0.7,
          0.7272727272727273,
          0.75,
          0.7692307692307693,
          0.7142857142857143,
          0.7333333333333333,
          0.75,
          0.7647058823529411,
          0.7222222222222222,
          0.7368421052631579,
          0.75
        ],
        "aurc": 0.6711922567456624
      }
    }
  },
  "per_modality": {
    "ct": {
      "n": 4,
      "accuracy": 0.0,
      "mean_fs": 0.5019105862246529
    },
    "unknown": {
      "n": 16,
      "accuracy": 0.3125,
      "mean_fs": 0.5392722203461309
    }
  }
}