{
  "weight_sensitivity": {
    "n_weightings": 66,
    "auroc_mean": 0.8271084872501053,
    "auroc_std": 0.025410042815757903,
    "auroc_min": 0.7367319764124025,
    "auroc_max": 0.864824648577153,
    "best": {
      "auroc": 0.864824648577153,
      "weights": {
        "a": 0.30000000000000004,
        "b": 0.4,
        "c": 0.29999999999999993
      }
    },
    "default_weights_auroc": 0.8632602013514691
  },
  "grid_sensitivity": {
    "2": {
      "auroc_signal_b": 0.6868853586410839,
      "auroc_fs": 0.8612700139417697
    },
    "3": {
      "auroc_signal_b": 0.7324993279191753,
      "auroc_fs": 0.8649648954992466
    },
    "4": {
      "auroc_signal_b": 0.7815487242968159,
      "auroc_fs": 0.868909853642678
    },
    "6": {
      "auroc_signal_b": 0.7891416746378579,
      "auroc_fs": 0.8652774912316897
    },
    "8": {
      "auroc_signal_b": 0.7728585629348987,
      "auroc_fs": 0.8606260667329368
    }
  },
  "seed_stability": {
    "signal_a": {
      "mean": 0.8240881823858425,
      "std": 0.017132803009857926
    },
    "signal_b": {
      "mean": 0.7474807194494825,
      "std": 0.0042832590074285545
    },
    "signal_c": {
      "mean": 0.7594214605228674,
      "std": 0.016724965201112853
    },
    "fs": {
      "mean": 0.8777269389587469,
      "std": 0.010586347831375178
    }
  },
  "abstention_power": {
    "alpha_curve": {
      "0.02": {
        "feasible": false,
        "coverage": 0.0,
        "retained_error": NaN
      },
      "0.05": {
        "feasible": true,
        "coverage": 0.4746666666666667,
        "retained_error": 0.014044943820224698
      },
      "0.1": {
        "feasible": true,
        "coverage": 0.7533333333333333,
        "retained_error": 0.04247787610619469
      },
      "0.15": {
        "feasible": true,
        "coverage": 0.9373333333333334,
        "retained_error": 0.08819345661450928
      },
      "0.2": {
        "feasible": true,
        "coverage": 0.9986666666666667,
        "retained_error": 0.11615487316421891
      }
    },
    "min_cal_size_for_alpha": {
      "0.02": 1500,
      "0.05": 500,
      "0.1": 500,
      "0.15": 200,
      "0.2": 100
    }
  }
}