{
  "dataset": "synthetic",
  "alpha": 0.05,
  "correction_present": true,
  "models": {
    "mock_reasoner": {
      "model": "mock-reasoner",
      "is_reasoning": true,
      "n_cal": 1000,
      "n_test": 1000,
      "validation": {
        "auroc_signal_a": 0.9999279351416275,
        "auroc_signal_b": 0.9269502552297066,
        "auroc_signal_c": 0.9170833750375337,
        "auroc_fs_A": 0.9999279351416275,
        "auroc_fs_AB": 0.9994635171654489,
        "auroc_fs_ABC": 0.9989350415373837,
        "auroc_confidence": 0.9999679711740567
      },
      "abstention": {
        "alpha": 0.05,
        "delta": 0.05,
        "correction_present": true,
        "fs_post_correction": {
          "threshold": Infinity,
          "feasible": false,
          "cal_coverage": 0.0,
          "test": {
            "coverage": 0.0,
            "n_retained": 0,
            "retained_accuracy": NaN,
            "retained_error": NaN
          },
          "aurc": 0.10710308863946326,
          "guarantee_holds": true
        },
        "fs_pre_correction": {
          "threshold": 0.3048019390826746,
          "feasible": true,
          "cal_coverage": 0.51,
          "test": {
            "coverage": 0.502,
            "n_retained": 502,
            "retained_accuracy": 0.9840637450199203,
            "retained_error": 0.015936254980079667
          },
          "aurc": 0.08263627073532176,
          "guarantee_holds": true
        },
        "confidence": {
          "threshold": 0.5471487388262691,
          "feasible": true,
          "cal_coverage": 0.51,
          "test": {
            "coverage": 0.499,
            "n_retained": 499,
            "retained_accuracy": 0.9819639278557114,
            "retained_error": 0.018036072144288595
          },
          "aurc": 0.07963139059535045,
          "guarantee_holds": true
        },
        "signal_a_only": {
          "threshold": 0.020652737989909468,
          "feasible": true,
          "cal_coverage": 0.51,
          "test": {
            "coverage": 0.494,
            "n_retained": 494,
            "retained_accuracy": 0.9898785425101214,
            "retained_error": 0.010121457489878583
          },
          "aurc": 0.08312387220312438,
          "guarantee_holds": true
        },
        "signal_b_only": {
          "threshold": 0.1722798030428192,
          "feasible": true,
          "cal_coverage": 0.41,
          "test": {
            "coverage": 0.401,
            "n_retained": 401,
            "retained_accuracy": 0.9875311720698254,
            "retained_error": 0.012468827930174564
          },
          "aurc": 0.10267059460929337,
          "guarantee_holds": true
        },
        "signal_c_only": {
          "threshold": Infinity,
          "feasible": false,
          "cal_coverage": 0.0,
          "test": {
            "coverage": 0.0,
            "n_retained": 0,
            "retained_accuracy": NaN,
            "retained_error": NaN
          },
          "aurc": 0.1135785332998273,
          "guarantee_holds": true
        }
      },
      "correction_effect": {
        "n_applied": 579,
        "acc_before": 0.741,
        "acc_after": 0.73,
        "mean_fs_before": 0.3815968235329857,
        "mean_fs_after": 0.49397654890696086
      }
    },
    "mock_reasoner_b": {
      "model": "mock-reasoner-b",
      "is_reasoning": true,
      "n_cal": 1000,
      "n_test": 1000,
      "validation": {
        "auroc_signal_a": 1.0,
        "auroc_signal_b": 0.9357101391252127,
        "auroc_signal_c": 0.7028885997397658,
        "auroc_fs_A": 1.0,
        "auroc_fs_AB": 0.9997117405665098,
        "auroc_fs_ABC": 0.9942748473626263,
        "auroc_confidence": 0.9312581323190872
      },
      "abstention": {
        "alpha": 0.05,
        "delta": 0.05,
        "correction_present": true,
        "fs_post_correction": {
          "threshold": Infinity,
          "feasible": false,
          "cal_coverage": 0.0,
          "test": {
            "coverage": 0.0,
            "n_retained": 0,
            "retained_accuracy": NaN,
            "retained_error": NaN
          },
          "aurc": 0.10982647377785182,
          "guarantee_holds": true
        },
        "fs_pre_correction": {
          "threshold": 0.3326170717394408,
          "feasible": true,
          "cal_coverage": 0.51,
          "test": {
            "coverage": 0.488,
            "n_retained": 488,
            "retained_accuracy": 0.985655737704918,
            "retained_error": 0.014344262295082011
          },
          "aurc": 0.08305586931575715,
          "guarantee_holds": true
        },
        "confidence": {
          "threshold": 0.6784921584077055,
          "feasible": true,
          "cal_coverage": 0.306,
          "test": {
            "coverage": 0.284,
            "n_retained": 284,
            "retained_accuracy": 0.9859154929577465,
            "retained_error": 0.014084507042253502
          },
          "aurc": 0.1011216682542506,
          "guarantee_holds": true
        },
        "signal_a_only": {
          "threshold": 0.01720218471066179,
          "feasible": true,
          "cal_coverage": 0.51,
          "test": {
            "coverage": 0.504,
            "n_retained": 504,
            "retained_accuracy": 0.9801587301587301,
            "retained_error": 0.019841269841269882
          },
          "aurc": 0.0847565494569138,
          "guarantee_holds": true
        },
        "signal_b_only": {
          "threshold": 0.3075955514436183,
          "feasible": true,
          "cal_coverage": 0.185,
          "test": {
            "coverage": 0.185,
            "n_retained": 185,
            "retained_accuracy": 1.0,
            "retained_error": 0.0
          },
          "aurc": 0.11129706918128354,
          "guarantee_holds": true
        },
        "signal_c_only": {
          "threshold": Infinity,
          "feasible": false,
          "cal_coverage": 0.0,
          "test": {
            "coverage": 0.0,
            "n_retained": 0,
            "retained_accuracy": NaN,
            "retained_error": NaN
          },
          "aurc": 0.17707784087875106,
          "guarantee_holds": true
        }
      },
      "correction_effect": {
        "n_applied": 662,
        "acc_before": 0.741,
        "acc_after": 0.739,
        "mean_fs_before": 0.3703138112647108,
        "mean_fs_after": 0.501318329207043
      }
    }
  }
}