{
  "model": "JZPeterPan/MedVLM-R1",
  "dataset": "pathvqa",
  "n_train": 100,
  "n_cal": 50,
  "n_test": 50,
  "validation": {
    "label_source": "iou_weak_labels"
  },
  "abstention": {
    "alpha": 0.15,
    "delta": 0.05,
    "provisional_pre_correction": true,
    "recomputed_tie_aware": true,
    "fs": {
      "threshold": Infinity,
      "feasible": false,
      "cal_coverage": 0.0,
      "cal_error": 0.0,
      "test": {
        "coverage": 0.0,
        "n_retained": 0,
        "retained_accuracy": NaN,
        "retained_error": NaN
      },
      "guarantee_holds": true,
      "aurc": 0.8371605910968045,
      "risk_coverage": {
        "coverage": [
          0.02,
          0.04,
          0.06,
          0.08,
          0.1,
          0.12,
          0.14,
          0.16,
          0.18,
          0.2,
          0.22,
          0.24,
          0.26,
          0.28,
          0.3,
          0.32,
          0.34,
          0.36,
          0.38,
          0.4,
          0.42,
          0.44,
          0.46,
          0.48,
          0.5,
          0.52,
          0.54,
          0.56,
          0.58,
          0.6,
          0.62,
          0.64,
          0.66,
          0.68,
          0.7,
          0.72,
          0.74,
          0.76,
          0.78,
          0.8,
          0.82,
          0.84,
          0.86,
          0.88,
          0.9,
          0.92,
          0.94,
          0.96,
          0.98,
          1.0
        ],
        "risk": [
          1.0,
          1.0,
          1.0,
          1.0,
          1.0,
          1.0,
          1.0,
          0.875,
          0.8888888888888888,
          0.9,
          0.9090909090909091,
          0.9166666666666666,
          0.9230769230769231,
          0.9285714285714286,
          0.9333333333333333,
          0.9375,
          0.9411764705882353,
          0.8888888888888888,
          0.8421052631578947,
          0.85,
          0.8095238095238095,
          0.7727272727272727,
          0.782608695652174,
          0.7916666666666666,
          0.8,
          0.8076923076923077,
          0.8148148148148148,
          0.8214285714285714,
          0.7931034482758621,
          0.8,
          0.8064516129032258,
          0.8125,
          0.8181818181818182,
          0.8235294117647058,
          0.8285714285714286,
          0.8333333333333334,
          0.8108108108108109,
          0.8157894736842105,
          0.8205128205128205,
          0.825,
          0.8292682926829268,
          0.8095238095238095,
          0.7906976744186046,
          0.7954545454545454,
          0.7777777777777778,
          0.7608695652173914,
          0.7659574468085106,
          0.7708333333333334,
          0.7551020408163265,
          0.76
        ]
      },
      "n_distinct": 48,
      "degenerate": false
    },
    "confidence": {
      "threshold": Infinity,
      "feasible": false,
      "cal_coverage": 0.0,
      "cal_error": 0.0,
      "test": {
        "coverage": 0.0,
        "n_retained": 0,
        "retained_accuracy": NaN,
        "retained_error": NaN
      },
      "guarantee_holds": true,
      "aurc": 0.7181762405005383,
      "risk_coverage": {
        "coverage": [
          0.02,
          0.04,
          0.06,
          0.08,
          0.1,
          0.12,
          0.14,
          0.16,
          0.18,
          0.2,
          0.22,
          0.24,
          0.26,
          0.28,
          0.3,
          0.32,
          0.34,
          0.36,
          0.38,
          0.4,
          0.42,
          0.44,
          0.46,
          0.48,
          0.5,
          0.52,
          0.54,
          0.56,
          0.58,
          0.6,
          0.62,
          0.64,
          0.66,
          0.68,
          0.7,
          0.72,
          0.74,
          0.76,
          0.78,
          0.8,
          0.82,
          0.84,
          0.86,
          0.88,
          0.9,
          0.92,
          0.94,
          0.96,
          0.98,
          1.0
        ],
        "risk": [
          1.0,
          1.0,
          1.0,
          1.0,
          0.8,
          0.6666666666666666,
          0.5714285714285714,
          0.625,
          0.6666666666666666,
          0.7,
          0.6363636363636364,
          0.6666666666666666,
          0.6923076923076923,
          0.7142857142857143,
          0.7333333333333333,
          0.75,
          0.7058823529411765,
          0.7222222222222222,
          0.7368421052631579,
          0.75,
          0.7619047619047619,
          0.7727272727272727,
          0.7391304347826086,
          0.75,
          0.72,
          0.6923076923076923,
          0.7037037037037037,
          0.7142857142857143,
          0.7241379310344828,
          0.7333333333333333,
          0.7096774193548387,
          0.71875,
          0.696969696969697,
          0.6764705882352942,
          0.6857142857142857,
          0.6944444444444444,
          0.7027027027027027,
          0.7105263157894737,
          0.6923076923076923,
          0.7,
          0.7073170731707317,
          0.7142857142857143,
          0.7209302325581395,
          0.7272727272727273,
          0.7333333333333333,
          0.7391304347826086,
          0.7446808510638298,
          0.75,
          0.7551020408163265,
          0.76
        ]
      },
      "n_distinct": 48,
      "degenerate": false
    },
    "signal_a_only": {
      "threshold": Infinity,
      "feasible": false,
      "cal_coverage": 0.0,
      "cal_error": 0.0,
      "test": {
        "coverage": 0.0,
        "n_retained": 0,
        "retained_accuracy": NaN,
        "retained_error": NaN
      },
      "guarantee_holds": true,
      "aurc": 0.8551820190715476,
      "risk_coverage": {
        "coverage": [
          0.02,
          0.04,
          0.06,
          0.08,
          0.1,
          0.12,
          0.14,
          0.16,
          0.18,
          0.2,
          0.22,
          0.24,
          0.26,
          0.28,
          0.3,
          0.32,
          0.34,
          0.36,
          0.38,
          0.4,
          0.42,
          0.44,
          0.46,
          0.48,
          0.5,
          0.52,
          0.54,
          0.56,
          0.58,
          0.6,
          0.62,
          0.64,
          0.66,
          0.68,
          0.7,
          0.72,
          0.74,
          0.76,
          0.78,
          0.8,
          0.82,
          0.84,
          0.86,
          0.88,
          0.9,
          0.92,
          0.94,
          0.96,
          0.98,
          1.0
        ],
        "risk": [
          1.0,
          1.0,
          1.0,
          1.0,
          1.0,
          1.0,
          1.0,
          1.0,
          0.8888888888888888,
          0.9,
          0.9090909090909091,
          0.9166666666666666,
          0.9230769230769231,
          0.9285714285714286,
          0.9333333333333333,
          0.9375,
          0.9411764705882353,
          0.9444444444444444,
          0.9473684210526315,
          0.95,
          0.9047619047619048,
          0.8636363636363636,
          0.8695652173913043,
          0.8333333333333334,
          0.8,
          0.8076923076923077,
          0.8148148148148148,
          0.8214285714285714,
          0.8275862068965517,
          0.8333333333333334,
          0.8387096774193549,
          0.8125,
          0.8181818181818182,
          0.8235294117647058,
          0.8285714285714286,
          0.8333333333333334,
          0.8378378378378378,
          0.8421052631578947,
          0.8205128205128205,
          0.825,
          0.8292682926829268,
          0.8333333333333334,
          0.813953488372093,
          0.7954545454545454,
          0.7777777777777778,
          0.7608695652173914,
          0.7659574468085106,
          0.7708333333333334,
          0.7551020408163265,
          0.76
        ]
      },
      "n_distinct": 48,
      "degenerate": false
    },
    "signal_b_only": {
      "threshold": Infinity,