{
  "mock-reasoner": {
    "model": "mock-reasoner",
    "n_flagged": 236,
    "n_wellgrounded_holdout": 105,
    "configs": {
      "baseline": {
        "acc": 0.8220338983050848,
        "step_support_rate": 0.2690677966101695,
        "keep_frac": 1.0,
        "fs_after": 0.1863901992146336,
        "regr_broken": 0
      },
      "+VCD": {
        "acc": 0.8432203389830508,
        "step_support_rate": 0.2690677966101695,
        "keep_frac": 1.0,
        "fs_after": 0.3217700506646543,
        "regr_broken": 1
      },
      "+Verify(noclue)": {
        "acc": 0.8220338983050848,
        "step_support_rate": 0.5787545787545787,
        "keep_frac": 0.1906779661016949,
        "fs_after": 0.1863901992146336,
        "regr_broken": 0
      },
      "+Verify+Clue": {
        "acc": 0.8220338983050848,
        "step_support_rate": 0.5641534391534391,
        "keep_frac": 0.24364406779661016,
        "fs_after": 0.1863901992146336,
        "regr_broken": 0
      },
      "Full": {
        "acc": 0.8432203389830508,
        "step_support_rate": 0.5641534391534391,
        "keep_frac": 0.24364406779661016,
        "fs_after": 0.3217700506646543,
        "regr_broken": 1
      }
    }
  },
  "mock-prior-heavy": {
    "model": "mock-prior-heavy",
    "n_flagged": 393,
    "n_wellgrounded_holdout": 7,
    "configs": {
      "baseline": {
        "acc": 0.5368956743002544,
        "step_support_rate": 0.25750636132315524,
        "keep_frac": 1.0,
        "fs_after": 0.016879994959791048,
        "regr_broken": 0
      },
      "+VCD": {
        "acc": 0.6895674300254453,
        "step_support_rate": 0.25750636132315524,
        "keep_frac": 1.0,
        "fs_after": 0.15412201958200608,
        "regr_broken": 0
      },
      "+Verify(noclue)": {
        "acc": 0.5368956743002544,
        "step_support_rate": 0.5009009009009009,
        "keep_frac": 0.19999999999999998,
        "fs_after": 0.016879994959791048,
        "regr_broken": 0
      },
      "+Verify+Clue": {
        "acc": 0.5368956743002544,
        "step_support_rate": 0.5571794871794872,
        "keep_frac": 0.20712468193384226,
        "fs_after": 0.016879994959791048,
        "regr_broken": 0
      },
      "Full": {
        "acc": 0.6895674300254453,
        "step_support_rate": 0.5571794871794872,
        "keep_frac": 0.20712468193384226,
        "fs_after": 0.15412201958200608,
        "regr_broken": 0
      }
    }
  }
}